{
    "rewards": [
        -2.5605068615416644,
        -2.042820710339726,
        -5.282055634787571,
        -2.179051166011064,
        -3.0645670473968916,
        2.825690703912034,
        21.74912745200608,
        29.46050605700243,
        24.95557895088842,
        20.721209149651262
    ],
    "trades": [
        4461,
        4701,
        4708,
        4671,
        4652,
        4648,
        4562,
        4372,
        4129,
        4005
    ],
    "costs": [
        0.32582656569659296,
        0.34677596314775094,
        0.3524838099948841,
        0.34957777399609286,
        0.34621191329386886,
        0.3440103413569729,
        0.324674666044978,
        0.3035513020326734,
        0.3145988604816959,
        0.3435086355131596
    ],
    "returns": [
        -0.10085917259536734,
        -0.1792658901927644,
        -0.6499359878752946,
        -0.18469891850796777,
        0.19424078983395662,
        0.18059436733107928,
        -0.254594304226592,
        0.5224091736331247,
        0.15481410200633705,
        0.03674731253568697
    ],
    "sharpes": [
        -0.055661194499552,
        -0.10742122277574585,
        -0.3947594760065105,
        -0.11063700306132075,
        0.11673088526980852,
        0.10465115266326212,
        -0.14695625892331815,
        0.2897160215304697,
        0.08023362537668224,
        0.017745113092004036
    ],
    "actor_losses": [
        -0.9223635057156655,
        -2.190916419625282,
        -2.5865706447454597,
        -2.5639851363805626,
        -2.358463628108685,
        -2.101512180979435,
        -1.8328161905362055,
        -1.604269003042808,
        -1.404694957137108,
        -1.2338596502634196
    ],
    "critic_losses": [
        58.952391574554,
        2.12863509203773,
        0.4818484219241565,
        0.06278103420510889,
        0.03767659107997763,
        0.014545970278872679,
        0.023680715315500634,
        0.013568512532466019,
        0.014990254783725294,
        0.010666898326419939
    ],
    "alpha_losses": [
        -0.2877494900902936,
        -0.9322572758335333,
        -1.5817784439141933,
        -2.2292045830304805,
        -2.874443631905776,
        -3.4517422577051016,
        -3.573597258054293,
        -3.089170489678016,
        -2.376904313999873,
        -1.5756772159770704
    ]
}